{
  "tmb_poison": [
    0.9666666984558105,
    0.9666666984558105,
    0.9666666984558105,
    0.9666666984558105,
    0.9666666984558105,
    0.9666666984558105,
    0.9666666984558105,
    0.9666666984558105,
    0.9666666984558105,
    0.9666666984558105,
    0.9666666984558105,
    0.9666666984558105,
    0.9666666984558105,
    0.9666666984558105,
    0.9666666984558105,
    0.9666666984558105,
    0.9666666984558105,
    0.9666666984558105,
    0.9666666984558105,
    0.9666666984558105
  ],
  "tmb_irrel": [
    0.8000000715255737,
    0.8000000715255737,
    0.8000000715255737,
    0.8000000715255737,
    0.8000000715255737,
    0.8000000715255737,
    0.8000000715255737,
    0.8000000715255737,
    0.8000000715255737,
    0.8000000715255737,
    0.8000000715255737,
    0.8000000715255737,
    0.8000000715255737,
    0.8000000715255737,
    0.8000000715255737,
    0.8000000715255737,
    0.8000000715255737,
    0.8000000715255737,
    0.8000000715255737,
    0.8000000715255737
  ],
  "tmb_real": [
    0.7500000596046448,
    0.7666667103767395,
    0.7666667103767395,
    0.7666667103767395,
    0.7833333611488342,
    0.8166667222976685,
    0.8166667222976685,
    0.8166667222976685,
    0.8166667222976685,
    0.8166667222976685,
    0.8166667222976685,
    0.8166667222976685,
    0.8333333730697632,
    0.8333333730697632,
    0.8500000238418579,
    0.8500000238418579,
    0.8666667342185974,
    0.8666667342185974,
    0.8833333849906921,
    0.8833333849906921
  ],
  "tmb_diff": [
    0.16666662693023682,
    0.16666662693023682,
    0.16666662693023682,
    0.16666662693023682,
    0.16666662693023682,
    0.16666662693023682,
    0.16666662693023682,
    0.16666662693023682,
    0.16666662693023682,
    0.16666662693023682,
    0.16666662693023682,
    0.16666662693023682,
    0.16666662693023682,
    0.16666662693023682,
    0.16666662693023682,
    0.16666662693023682,
    0.16666662693023682,
    0.16666662693023682,
    0.16666662693023682,
    0.16666662693023682
  ],
  "tmb_def_poison": [
    0.9666666984558105,
    0.9666666984558105,
    0.9666666984558105,
    0.9666666984558105,
    0.9666666984558105,
    0.9666666984558105,
    0.9666666984558105,
    0.9666666984558105,
    0.9666666984558105,
    0.9666666984558105,
    0.9666666984558105,
    0.9666666984558105,
    0.9666666984558105,
    0.9666666984558105,
    0.9666666984558105,
    0.9666666984558105,
    0.9666666984558105,
    0.9666666984558105,
    0.9666666984558105,
    0.9666666984558105
  ],
  "tmc_survival": [
    0.7666667103767395,
    0.7666667103767395,
    0.7333333492279053,
    0.7333333492279053,
    0.7000000476837158,
    0.7000000476837158,
    0.7000000476837158,
    0.7000000476837158,
    0.7000000476837158,
    0.6666666865348816,
    0.6666666865348816,
    0.6333333849906921,
    0.6333333849906921,
    0.6333333849906921,
    0.6333333849906921
  ],
  "tmc_irrel": [
    0.8000000715255737,
    0.8000000715255737,
    0.8000000715255737,
    0.8000000715255737,
    0.8000000715255737,
    0.8000000715255737,
    0.7333333492279053,
    0.7333333492279053,
    0.7333333492279053,
    0.7333333492279053,
    0.7333333492279053,
    0.6666666865348816,
    0.6000000238418579,
    0.5333333611488342,
    0.5333333611488342
  ],
  "slopes": {
    "poison": -2.6382217201069823e-17,
    "irrel": -5.704517192964522e-18,
    "defense": -2.6382217201069823e-17,
    "eviction": -0.009999998978206087
  }
}