{
  "undefended": {
    "curve": [
      0.15,
      1.0,
      1.0,
      1.0,
      1.0,
      1.0,
      1.0,
      1.0
    ],
    "slope": 0.07083333333333326,
    "utility_before": 1.0,
    "utility_after": 1.0
  },
  "defended": {
    "curve": [
      0.15,
      0.15,
      0.15,
      0.15,
      0.15,
      0.15,
      0.15,
      0.15
    ],
    "slope": -6.293343438643956e-18,
    "utility_before": 1.0,
    "utility_after": 1.0
  },
  "prompted": 0.0
}