{
  "asr_learned": 1.0,
  "asr_heuristic": 1.0,
  "learned_curve": [
    0.5175827021400133,
    0.8217835649847984,
    0.962698852022489,
    0.9694399014115334,
    0.9596341103315353,
    0.9406302819649378,
    0.9119386374950409,
    0.8748779619733492,
    0.8346606741348902,
    0.7972115476926168,
    0.7655840789278349,
    0.7396112581094106
  ],
  "heuristic_curve": [
    1.0,
    1.0,
    1.0,
    1.0,
    1.0,
    1.0,
    1.0,
    1.0,
    1.0,
    1.0,
    1.0,
    1.0
  ],
  "slope_learned": -0.0006249951576436224,
  "slope_heuristic": 6.891831019251096e-19,
  "benign_acc_learned": 1.0,
  "benign_acc_heuristic": 0.50625,
  "embeddings_real": true
}