{
  "tma": {
    "h": 1.0,
    "l": 0.0,
    "n": 50,
    "gap": -1.0
  },
  "tmb": {
    "lc": [
      0.0,
      0.0,
      0.0,
      0.0,
      0.0,
      0.0,
      0.05,
      0.05
    ],
    "hc": [
      1.0,
      1.0,
      1.0,
      1.0,
      1.0,
      1.0,
      1.0,
      1.0
    ],
    "sl": 0.007142857142857143,
    "sh": 1.0992982082905543e-17
  }
}