{
  "trained": [
    1.0,
    0.0,
    0.0,
    0.0,
    0.0,
    0.0,
    0.0,
    0.0
  ],
  "heuristic": [
    1.0,
    1.0,
    1.0,
    1.0,
    1.0,
    1.0,
    1.0,
    1.0
  ],
  "slope_trained": -0.0833333333333333,
  "slope_heuristic": 1.0992982082905543e-17
}